{"cities":[["Kabwe",28.45,-14.44],["Oshikango",15.88,-17.3995],["Kidal",1.4078,18.4411],["Dragash",20.6533,42.0265],["Xalapa",-96.92,19.53],["Otavi",17.342,-19.64],["Balti",27.9053,47.7591],["Taizz",44.0394,13.6045],["Birni Nkonni",5.2599,13.7904],["Okahandja",16.91,-21.9796],["Auce",22.9028,56.4611],["Norilsk",88.225,69.34],["Maxixe",35.3886,-23.866],["Pskov",28.3299,57.83],["Khromtau",58.45,50.2699]],"config":{"iterations":20,"method":"hillClimb","n_wh":15,"random":"true"},"score":6833.97748453081,"timeSpend":1.842859}